date,EURUSD,USDJPY,GBPUSD
2026-09-01,1.1593,160.03,1.3527
2026-09-02,1.1592,158.79,1.3503
2026-09-03,1.1623,155.39,1.3536
2026-09-04,1.1618,156.11,1.3521
2026-09-07,,,
2026-09-08,1.1627,154.24,1.3542
2026-09-09,1.1627,153.50,1.3549
2026-09-10,1.1629,154.06,1.3532
2026-09-11,1.1604,153.71,1.3524
2026-09-14,1.1549,154.42,1.3494
2026-09-15,1.1542,155.11,1.3479
2026-09-16,1.1538,155.08,1.3451
2026-09-17,1.1479,155.85,1.3347
2026-09-18,1.1464,156.87,1.3372
2026-09-21,1.1469,157.46,1.3371
2026-09-22,1.1432,157.55,1.3326
2026-09-23,1.1394,158.30,1.3253
2026-09-24,1.1373,158.92,1.3217
2026-09-25,1.1400,157.18,1.3250
2026-09-28,1.1367,157.44,1.3257
2026-09-29,1.1336,157.50,1.3212
2026-09-30,1.1345,157.25,1.3267
2026-10-01,1.1232,157.63,1.3196
2026-10-02,1.1259,157.81,1.3234
